S.N.,Email
1,email@first.biz
2,admin@taxofficesf.com
3,info@h-c-enterprise.com
4,erick@arguellofinancial.com
5,ic-check-circle@2x.svg
6,info@awjoneslegal.com
7,russwood1@gmail.com
8,members@betteronlinebusinessbureau.com
9,nhi@nhi.edu
10,ACTCMadmissions@ciis.edu
11,contacthult@hult.edu.
12, info@bizcap.com
13, email@first.biz
14, icon-star@2x.svg
15, order@aaasolutions.com
16, support@cloudbusinessltd.com
17, Info@GGBA.com
18, info@hesoffice.com
19, admin@stevenjaxelrod.com
20, support@cloudbusinesshq.com
21, sevillahr@aol.com
22, info@ruabusiness.com
23, nvo@sbeinc.com
24, sbe@sbeinc.com
25, hello@yoursite.com
26, registrar.boston@hult.edu
27, support@yoursite.com
28, info.latam@hult.edu
29, info@michaelkwhitecpa.com
30, northam@hult.edu
31, info.northam@hult.edu
32, registrar.london.pg@hult.edu
33, registrar.london.undergrad@hult.edu
34, info@ashridge.hult.edu
35, info.ashridge@hult.edu
36, europe@hult.edu
37, info.europe@hult.edu
38, info.mea@hult.edu
39, info.asia@hult.edu
40, china.info@hult.edu
41, registrar.shanghai@hult.edu
42, info.india@hult.edu
43,psychiatry@ucsf.edu
44,info@naturalresources-sf.com
45, you@example.com
46,vertical_menu_cross@2x.png
47, vertical_menu_minus@2x.png
48, vertical_menu_cross_white@2x.png
49, vertical_menu_minus_white@2x.png
50, vertical_menu_cross_black@2x.png
51, vertical_menu_minus_black@2x.png
52, close_side_menu@2x.png
53, chosen-sprite@2x.png
54, info@irvingpethospital.com
55, info@arguellopet.com
56,especiallycats@pathwayvets.com
57,fancybox_sprite@2x.png
58, fancybox_loading@2x.gif
59, gbuncke@buncke.org
60,care@opencaremedicalclinic.com
61, team@ezcareclinic.com
62, info@aurumalchemy.com
63, drseddig@aurumalchemy.com
64,ims@ucsf.edu
65, patient.relations@ucsf.edu
66, jdoe@example.com.
67, example@yourmail.com
68,info@thesternbergclinic.com
69,info@clinicbythebay.org
70, template.placeholder@gmail.com
71, development@clinicbythebay.org
72, info@clinicbythebay.org
73,info@thefamilyschool.org
74, wlee@thefamilyschool.org
75, pbecerra@thefamilyschool.org
76, info@addaclevenger.org
77,lfadner@danceadtc.com
78, Info@DanceADTC.com
79,info@thecheeseschool.com
80, bootstrap@3.3.7
81,info@littlebearschool.com
82, info@littlebearschool.com
