,Email
,
1,[info@thefamilyschool.org
2, info@thefamilyschool.org
3, wlee@thefamilyschool.org
4, wlee@thefamilyschool.org
5, pbecerra@thefamilyschool.org
6, pbecerra@thefamilyschool.org
7,[info@addaclevenger.org
8, info@addaclevenger.org
9,[lfadner@danceadtc.com
10, Info@DanceADTC.com
11,[info@thecheeseschool.com
12, info@thecheeseschool.com
13, bootstrap@3.3.7
14, info@thecheeseschool.com
15, info@thecheeseschool.com
16, info@thecheeseschool.com
17, info@thecheeseschool.com
18,[info@littlebearschool.com
19, info@littlebearschool.com
20, info@littlebearschool.com
21, info@littlebearschool.com
22, info@littlebearschool.com
23, info@littlebearschool.com
